INSERT INTO `message` (`id`, `from_uid`, `room_id`, `type`, `send_time`, `reply_msg_id`, `update_time`, `status`, `extra`) VALUES (1, 3, 6, 0, '2015-10-30 02:49:28', 3, '2020-07-22 23:06:44', 1, 'csoNpUlWKi');
INSERT INTO `message` (`id`, `from_uid`, `room_id`, `type`, `send_time`, `reply_msg_id`, `update_time`, `status`, `extra`) VALUES (2, 5, 3, 0, '2014-10-31 15:20:03', 8, '2019-12-30 06:26:37', 1, 'swlM3tXTj3');
INSERT INTO `message` (`id`, `from_uid`, `room_id`, `type`, `send_time`, `reply_msg_id`, `update_time`, `status`, `extra`) VALUES (3, 9, 9, 0, '2017-04-16 19:31:02', 8, '2011-08-02 06:20:03', 1, '0iwwT04OiN');
INSERT INTO `message` (`id`, `from_uid`, `room_id`, `type`, `send_time`, `reply_msg_id`, `update_time`, `status`, `extra`) VALUES (4, 9, 3, 0, '2022-04-04 08:50:49', 4, '2000-01-21 12:35:59', 1, 'cPCk5nKbNR');
INSERT INTO `message` (`id`, `from_uid`, `room_id`, `type`, `send_time`, `reply_msg_id`, `update_time`, `status`, `extra`) VALUES (5, 3, 10, 0, '2003-07-20 10:33:26', 3, '2002-03-01 10:07:01', 1, '2ejHnmV1V5');
INSERT INTO `message` (`id`, `from_uid`, `room_id`, `type`, `send_time`, `reply_msg_id`, `update_time`, `status`, `extra`) VALUES (6, 8, 6, 0, '2001-10-09 08:58:57', 3, '2020-12-01 10:05:04', 1, 'SKlosyPrCJ');
INSERT INTO `message` (`id`, `from_uid`, `room_id`, `type`, `send_time`, `reply_msg_id`, `update_time`, `status`, `extra`) VALUES (7, 5, 2, 0, '2003-01-29 03:30:42', 2, '2013-01-07 22:46:48', 1, 'ztLpHy9BfL');
INSERT INTO `message` (`id`, `from_uid`, `room_id`, `type`, `send_time`, `reply_msg_id`, `update_time`, `status`, `extra`) VALUES (8, 7, 9, 0, '2014-02-23 20:02:46', 5, '2021-08-24 07:05:56', 1, 'RyMuIjZwFe');
INSERT INTO `message` (`id`, `from_uid`, `room_id`, `type`, `send_time`, `reply_msg_id`, `update_time`, `status`, `extra`) VALUES (9, 8, 7, 0, '2010-06-29 01:36:11', 8, '2009-10-19 16:17:24', 1, 'ZGAGf1JzPn');
INSERT INTO `message` (`id`, `from_uid`, `room_id`, `type`, `send_time`, `reply_msg_id`, `update_time`, `status`, `extra`) VALUES (10, 6, 6, 0, '2000-05-29 22:13:52', 2, '2001-04-12 16:29:42', 1, 'AbQojhHHH0');
INSERT INTO `room` (`id`, `room_name`, `avatar_url`, `description`, `delete_status`, `create_time`, `update_time`, `extra`, `type`) VALUES (1, 'Taniguchi Rena', 'https://auth.shliao224.info/FilmSupplies', 'oVimBRXiEN', 0, '2015-08-22 17:06:34', '2022-07-20 19:43:48', 'Ey6ikRlSNa', 1);
INSERT INTO `room` (`id`, `room_name`, `avatar_url`, `description`, `delete_status`, `create_time`, `update_time`, `extra`, `type`) VALUES (2, 'Yao Jiehong', 'http://auth.akikin10.us/SportsOutdoor', 'tplrvShzX5', 0, '2024-04-05 09:26:19', '2019-05-06 20:20:04', 'CCmvgI3QWS', 1);
INSERT INTO `room` (`id`, `room_name`, `avatar_url`, `description`, `delete_status`, `create_time`, `update_time`, `extra`, `type`) VALUES (3, 'Dai Ka Fai', 'http://www.shihan10.xyz/ArtsHandicraftsSewing', '2M8PxSboUz', 0, '2016-01-15 02:47:25', '2016-08-06 02:40:22', 'aSJL5dAD3H', 1);
INSERT INTO `room` (`id`, `room_name`, `avatar_url`, `description`, `delete_status`, `create_time`, `update_time`, `extra`, `type`) VALUES (4, 'Xue Zhennan', 'https://drive.zhe.com/IndustrialScientificSupplies', 'KK45e4wztn', 0, '2017-02-21 11:58:45', '2002-01-01 07:52:47', 'aNcvYVV2EL', 1);
INSERT INTO `room` (`id`, `room_name`, `avatar_url`, `description`, `delete_status`, `create_time`, `update_time`, `extra`, `type`) VALUES (5, 'Yuan Zhennan', 'https://www.gh1975.cn/CDsVinyl', 'LsqdWa51J4', 0, '2002-06-16 07:21:26', '2022-04-20 13:42:02', 'Ywry7DnolI', 1);
INSERT INTO `room` (`id`, `room_name`, `avatar_url`, `description`, `delete_status`, `create_time`, `update_time`, `extra`, `type`) VALUES (6, 'Lu Jialun', 'http://drive.tanakkas.com/Others', 'FHRcvk0QQ8', 0, '2008-11-24 04:06:50', '2013-04-12 14:35:13', 'sUoQI763zm', 1);
INSERT INTO `room` (`id`, `room_name`, `avatar_url`, `description`, `delete_status`, `create_time`, `update_time`, `extra`, `type`) VALUES (7, 'Huang Zhennan', 'http://drive.lu430.org/CDsVinyl', 'Q1fxH5uuFm', 0, '2015-08-18 10:29:32', '2016-10-13 21:06:35', '4bmHvcUfGb', 1);
INSERT INTO `room` (`id`, `room_name`, `avatar_url`, `description`, `delete_status`, `create_time`, `update_time`, `extra`, `type`) VALUES (8, 'Tang Cho Yee', 'https://video.riku47.biz/AppsGames', 'zDQI2pz0DJ', 0, '2006-12-11 22:00:54', '2021-02-07 22:33:53', 'k3j8unN6Gg', 1);
INSERT INTO `room` (`id`, `room_name`, `avatar_url`, `description`, `delete_status`, `create_time`, `update_time`, `extra`, `type`) VALUES (9, 'Hsuan Wing Sze', 'https://drive.kwokyin9.co.jp/ComputersElectronics', 'mnBtOmcbyB', 0, '2014-07-26 18:47:51', '2012-12-03 17:59:50', 'ovTDNSSR8t', 1);
INSERT INTO `room` (`id`, `room_name`, `avatar_url`, `description`, `delete_status`, `create_time`, `update_time`, `extra`, `type`) VALUES (10, 'Ueno Hina', 'http://auth.pal.co.jp/AutomotivePartsAccessories', 'jf1sJQ7RTU', 0, '2000-05-18 11:09:22', '2021-02-05 12:01:51', '0ByDh25uis', 1);
INSERT INTO `text_message` (`id`, `msg_id`, `content`) VALUES (1, 1, 'lJazpnDQ2i');
INSERT INTO `text_message` (`id`, `msg_id`, `content`) VALUES (2, 2, 'qglsShVga8');
INSERT INTO `text_message` (`id`, `msg_id`, `content`) VALUES (3, 3, 'bIOyaqpqr4');
INSERT INTO `text_message` (`id`, `msg_id`, `content`) VALUES (4, 4, 'Rh44pPlvCC');
INSERT INTO `text_message` (`id`, `msg_id`, `content`) VALUES (5, 5, 'RgWQ5FaTJ9');
INSERT INTO `text_message` (`id`, `msg_id`, `content`) VALUES (6, 6, 'lurlI1OnhW');
INSERT INTO `text_message` (`id`, `msg_id`, `content`) VALUES (7, 7, 'ajaJjI5bK2');
INSERT INTO `text_message` (`id`, `msg_id`, `content`) VALUES (8, 8, 'iuCxQrJBli');
INSERT INTO `text_message` (`id`, `msg_id`, `content`) VALUES (9, 9, 'ngaEGtqvJ2');
INSERT INTO `text_message` (`id`, `msg_id`, `content`) VALUES (10, 10, '8U5jNu8stl');
INSERT INTO `user` (`id`, `open_id`, `nick_name`, `sex`, `birthday`, `province`, `city`, `country`, `register_time`) VALUES (1, 'K9BgVU9fVy', 'Lo Chieh Lun', 1, '2000-01-03', 'y5UYj2waO1', 'Brooklyn', 'United States', '2019-03-12');
INSERT INTO `user` (`id`, `open_id`, `nick_name`, `sex`, `birthday`, `province`, `city`, `country`, `register_time`) VALUES (2, 'bxI04Se0aD', 'Kevin Diaz', 1, '2013-10-08', 'c9KSqhPZ5h', 'Dongguan', 'China', '2016-06-20');
INSERT INTO `user` (`id`, `open_id`, `nick_name`, `sex`, `birthday`, `province`, `city`, `country`, `register_time`) VALUES (3, 'ynp7aCN0bs', 'Zeng Yuning', 0, '2018-07-11', 'YWfOtsrAjr', 'Brooklyn', 'United States', '2005-10-06');
INSERT INTO `user` (`id`, `open_id`, `nick_name`, `sex`, `birthday`, `province`, `city`, `country`, `register_time`) VALUES (4, '6suF0SoGVs', 'Jiang Xiuying', 1, '2023-02-28', 'JHbJl4qbo7', 'Manchester', 'United Kingdom', '2023-08-06');
INSERT INTO `user` (`id`, `open_id`, `nick_name`, `sex`, `birthday`, `province`, `city`, `country`, `register_time`) VALUES (5, 'mSonrjMgB6', 'Wong Ka Keung', 0, '2006-06-26', 'NxKwAEv2tF', 'Dongguan', 'China', '2024-10-08');
INSERT INTO `user` (`id`, `open_id`, `nick_name`, `sex`, `birthday`, `province`, `city`, `country`, `register_time`) VALUES (6, 'eKMflu9QBY', 'Troy Burns', 0, '2010-05-26', 'J6iruVS6sg', 'Albany', 'United States', '2009-01-07');
INSERT INTO `user` (`id`, `open_id`, `nick_name`, `sex`, `birthday`, `province`, `city`, `country`, `register_time`) VALUES (7, 'uIMyKKekzI', 'Deborah Martin', 0, '2021-11-12', '3LjcAU10mU', 'Chengdu', 'China', '2002-09-11');
INSERT INTO `user` (`id`, `open_id`, `nick_name`, `sex`, `birthday`, `province`, `city`, `country`, `register_time`) VALUES (8, 'UsxUB7ZgZV', 'Mo Chiu Wai', 1, '2021-03-28', 'zLJd4nvy4T', 'Tokyo', 'Japan', '2021-06-11');
INSERT INTO `user` (`id`, `open_id`, `nick_name`, `sex`, `birthday`, `province`, `city`, `country`, `register_time`) VALUES (9, 'LAjaA5KmYe', 'Noguchi Ayano', 1, '2019-10-27', '86FP25EhcM', 'Zhongshan', 'China', '2006-06-14');
INSERT INTO `user` (`id`, `open_id`, `nick_name`, `sex`, `birthday`, `province`, `city`, `country`, `register_time`) VALUES (10, 'LSffJWvZbq', 'Edward Mcdonald', 0, '2024-02-19', 'KtkFjdmCab', 'Liverpool', 'United Kingdom', '2003-11-11');
